kmeans_cluster,Income,Age,Customer_For,num_children,total_spend,total_purchases,MntWines_ratio,MntMeatProducts_ratio,MntGoldProds_ratio,web_purchase_ratio,store_purchase_ratio,catalog_purchase_ratio,NumWebVisitsMonth,deal_purchase_ratio,campaign_accept_count,Recency
1,11.197691877879107,58.09446254071661,328.7638436482085,0.24429967426710097,7.048832174091935,18.96052117263844,0.4232228784581991,0.33099388666669904,0.06533188467530492,0.24812352404835175,0.4421552058480192,0.30646394111340103,2.596091205211726,0.07379342354820445,0.6188925081433225,49.85016286644951
3,10.929183179885493,60.594674556213015,420.87278106508876,1.1198224852071006,6.374785235919045,16.231168639053255,0.6313295597479134,0.1741587087967918,0.08591107808624743,0.3971081736361914,0.4346376256636352,0.1682542007001734,6.1198224852071,0.22482581852356937,0.30177514792899407,48.282544378698226
2,10.129288123143919,49.46530612244898,379.6918367346939,0.9285714285714286,4.187462803760345,5.636734693877551,0.19849331796488087,0.2530434593653687,0.2515624488150311,0.3613376713988959,0.5456433753321509,0.08485568796283081,6.973469387755102,0.34319081428775305,0.10612244897959183,50.13061224489796
0,10.562751220982747,58.85217391304348,259.8108695652174,1.6673913043478261,4.13045807397262,5.804347826086956,0.5284758438540758,0.24770680049780414,0.10388017717806802,0.30237097000044566,0.6439439434180483,0.05368508658150602,5.832608695652174,0.3793379391637064,0.043478260869565216,48.21086956521739
