k,inertia,silhouette
2,23756.57820537722,0.24112293470809162
3,20798.2956630328,0.18156330413364188
4,19128.73925811272,0.15919144663995652
5,17911.019292020967,0.1607329458396395
6,16949.426166360474,0.14886618964176676
7,16206.582046764463,0.13703737303902735
8,15576.947811126927,0.13562110680979106
9,15093.520437783176,0.12784178276434288
10,14636.585081327783,0.12699077498123978
