k,inertia,silhouette
2,14080.153887053915,0.3470469899180829
3,11164.86540498817,0.2897711059096946
4,9555.809336044753,0.2678582978345378
5,8620.666375301445,0.24172023885645919
6,7942.444910971018,0.23827914207258657
7,7398.108764754295,0.22876744584474545
8,6865.600349720971,0.21802896367230845
9,6433.994455878277,0.2226077896593008
10,6051.281595982096,0.22279122481764582
