kmeans_cluster,Income,Age,Customer_For,num_children,total_spend,total_purchases,spend_to_income_ratio,MntWines_ratio,MntMeatProducts_ratio,MntGoldProds_ratio,web_purchase_ratio,store_purchase_ratio,catalog_purchase_ratio,NumWebVisitsMonth,deal_purchase_ratio,campaign_accept_count,Recency
1,11.193663729373187,57.98724082934609,330.03508771929825,0.24561403508771928,7.044051163457256,18.995805422647532,0.01801511276100046,0.42455071235040676,0.3276751363837242,0.06498464091017006,0.2499657903367652,0.44299386578778344,0.30385055121197446,2.6379585326953747,0.07347335567202538,0.6044657097288676,49.53429027113238
0,10.926372750958794,60.813533834586465,423.6406015037594,1.174436090225564,6.374512147395745,16.176932330827068,0.01209535837205876,0.6347478306821317,0.175863487394119,0.08730665155214637,0.3993842379522707,0.432182578772461,0.16843318327526824,6.219548872180451,0.23803964951769774,0.3157894736842105,48.31729323308271
3,10.13346616428098,49.47464503042596,381.4239350912779,0.9655172413793104,4.224113682866166,5.744421906693712,0.0038859121967009,0.20414045834734118,0.2561137041040129,0.24864461208474717,0.3689661881953971,0.5369518632145407,0.0859683583263705,7.0344827586206895,0.3528094933013797,0.10547667342799188,49.77687626774848
2,10.561458303116128,58.79560439560439,253.27032967032966,1.578021978021978,4.068234195790783,5.595604395604395,0.002060679112357969,0.5232008653319306,0.24226894752756586,0.1051737593573246,0.29169159290038416,0.6571471690702461,0.0511612380293699,5.654945054945055,0.355277198381594,0.03296703296703297,48.92087912087912
